android/shared_compression_dictionaries/67d516a78ef797d4f99059229489371c538ef02a4c8425da431fd578454203cf.dict.applicationSettings.DFIntESGamePerfMonitorDelayBeforeFirstReportInSeconds	value	=	'60'
android/shared_compression_dictionaries/67d516a78ef797d4f99059229489371c538ef02a4c8425da431fd578454203cf.dict.applicationSettings	FIntAppShellFPSReportPeriod	=	'120'
android/shared_compression_dictionaries/67d516a78ef797d4f99059229489371c538ef02a4c8425da431fd578454203cf.dict.applicationSettings	FFlagScreenTimeStopHeartbeatAfterFiringLogoutSignal	=	'True'
android/shared_compression_dictionaries/67d516a78ef797d4f99059229489371c538ef02a4c8425da431fd578454203cf.dict.applicationSettings	DFIntReportPhysicsFPSStatsForInfluxHundredthsPercentage	=	'100'
android/shared_compression_dictionaries/67d516a78ef797d4f99059229489371c538ef02a4c8425da431fd578454203cf.dict.applicationSettings.DFIntHttpBatchApi_bgRefreshMaxDelayMs	value	=	'60'
android/shared_compression_dictionaries/67d516a78ef797d4f99059229489371c538ef02a4c8425da431fd578454203cf.dict.applicationSettings.FIntLuaAppChallengeHybridWebViewTimeoutSeconds	value	=	'60'
android/shared_compression_dictionaries/67d516a78ef797d4f99059229489371c538ef02a4c8425da431fd578454203cf.dict.applicationSettings	DFIntTrackerLODFrameRateLimitVoteAmount	=	'1'
android/shared_compression_dictionaries/67d516a78ef797d4f99059229489371c538ef02a4c8425da431fd578454203cf.dict.applicationSettings	DFIntTrackerLowCameraFPSDetectedThrottleHundrethsPercent	=	'0'
android/shared_compression_dictionaries/67d516a78ef797d4f99059229489371c538ef02a4c8425da431fd578454203cf.dict.applicationSettings	DFIntTrackerLowCameraFPSDetectedThrottleHundrethsPercent_PlaceFilter	=	'10000;10001514317;12991298352;10787386927;9793123004;5064251723;13117700215;13178556380;12867047376;11460402982;12500012844;11402255591;12796376276;12867089300;13621732500;13621737323;13621742117;13621746770'
android/shared_compression_dictionaries/67d516a78ef797d4f99059229489371c538ef02a4c8425da431fd578454203cf.dict.applicationSettings	FIntAvatarChatHeartbeatStatsEventThrottleHundrethsPercent	=	'100'
android/shared_compression_dictionaries/67d516a78ef797d4f99059229489371c538ef02a4c8425da431fd578454203cf.dict.applicationSettings	FIntAvatarChatHeartbeatStatsEventThrottleHundrethsPercent_PlaceFilter	=	'10000;11597947993;10787386927;12867018908;10057672346;10001514317;12991298352;9793123004;5064251723;13117700215;13178556380;12867047376;11460402982;12500012844;11402255591;12796376276;12867089300;13621732500;13621737323;13621742117;13621746770'
android/shared_compression_dictionaries/67d516a78ef797d4f99059229489371c538ef02a4c8425da431fd578454203cf.dict.applicationSettings	FIntFacialAnimationStreamingHeartbeatStatsIntervalSec	=	'120'
android/shared_compression_dictionaries/67d516a78ef797d4f99059229489371c538ef02a4c8425da431fd578454203cf.dict.applicationSettings.DFIntSimTimestepMultiplierDebounceCount	value	=	'60'
android/shared_compression_dictionaries/67d516a78ef797d4f99059229489371c538ef02a4c8425da431fd578454203cf.dict.applicationSettings.FIntVRTouchControllerTransparency	value	=	'60'
android/shared_compression_dictionaries/67d516a78ef797d4f99059229489371c538ef02a4c8425da431fd578454203cf.dict.applicationSettings.FIntHttpServiceAggregateBandwidthMetricsIntervalSecs	value	=	'60'
android/shared_compression_dictionaries/67d516a78ef797d4f99059229489371c538ef02a4c8425da431fd578454203cf.dict.applicationSettings	DFIntVoiceChatNumberOfHeartBeatIntervalUntilTimeout	=	'3'
android/shared_compression_dictionaries/67d516a78ef797d4f99059229489371c538ef02a4c8425da431fd578454203cf.dict.applicationSettings	DFIntVoiceChatGrpClientHeartBeatIntervalMs	=	'5000'
android/shared_compression_dictionaries/67d516a78ef797d4f99059229489371c538ef02a4c8425da431fd578454203cf.dict.applicationSettings	FIntFPSAwareSplashScreenTimeout	=	'15'
android/shared_compression_dictionaries/67d516a78ef797d4f99059229489371c538ef02a4c8425da431fd578454203cf.dict.applicationSettings	FIntUserHeartbeatsPulseRolloutPerMyriad	=	'10000'
android/shared_compression_dictionaries/67d516a78ef797d4f99059229489371c538ef02a4c8425da431fd578454203cf.dict.applicationSettings	DFIntReportVRRefreshRateChangeBelowLowerBoundThrottleHundrethsPercent	=	'10000'
android/shared_compression_dictionaries/67d516a78ef797d4f99059229489371c538ef02a4c8425da431fd578454203cf.dict.applicationSettings	FFlagEnableRefreshRateGuard	=	'True'
android/shared_compression_dictionaries/67d516a78ef797d4f99059229489371c538ef02a4c8425da431fd578454203cf.dict.applicationSettings	FFlagUserheartbeatsActionReport	=	'True'
android/shared_compression_dictionaries/67d516a78ef797d4f99059229489371c538ef02a4c8425da431fd578454203cf.dict.applicationSettings	FIntUserHeartbeatsActionReportRolloutPerMyriad	=	'10000'
android/shared_compression_dictionaries/67d516a78ef797d4f99059229489371c538ef02a4c8425da431fd578454203cf.dict.applicationSettings	FFlagUserHeartbeatsPulseApi	=	'True'
android/shared_compression_dictionaries/67d516a78ef797d4f99059229489371c538ef02a4c8425da431fd578454203cf.dict.applicationSettings.FIntCAPInstanceTrackerTelemetryPeriodSeconds	value	=	'60'
android/shared_compression_dictionaries/67d516a78ef797d4f99059229489371c538ef02a4c8425da431fd578454203cf.dict.applicationSettings	FFlagFixInvertedIntervalFPSMetric	=	'True'
android/shared_compression_dictionaries/67d516a78ef797d4f99059229489371c538ef02a4c8425da431fd578454203cf.dict.applicationSettings	FFlagEnableHarmonyOnFrameRateManagerShadow2	=	'False'
android/shared_compression_dictionaries/67d516a78ef797d4f99059229489371c538ef02a4c8425da431fd578454203cf.dict.applicationSettings	FIntExpChatMicActivityHeartbeatIncrement	=	'2'
android/shared_compression_dictionaries/67d516a78ef797d4f99059229489371c538ef02a4c8425da431fd578454203cf.dict.applicationSettings	FIntAvatarExperienceFPSDuration	=	'2'
android/shared_compression_dictionaries/67d516a78ef797d4f99059229489371c538ef02a4c8425da431fd578454203cf.dict.applicationSettings	FFlagInitializeHeartbeatConnOnce	=	'True'
android/shared_compression_dictionaries/67d516a78ef797d4f99059229489371c538ef02a4c8425da431fd578454203cf.dict.applicationSettings	FFlagGuiTextRenderSteppedLayoutFix	=	'True'
android/shared_compression_dictionaries/67d516a78ef797d4f99059229489371c538ef02a4c8425da431fd578454203cf.dict.applicationSettings.DFIntSendRakNetStatsInterval	value	=	'60'
android/shared_compression_dictionaries/67d516a78ef797d4f99059229489371c538ef02a4c8425da431fd578454203cf.dict.applicationSettings.FIntUGCValidateFullBodyZMinClassic	value	=	'60'
android/shared_compression_dictionaries/67d516a78ef797d4f99059229489371c538ef02a4c8425da431fd578454203cf.dict.applicationSettings.FIntUGCValidateFullBodyZMinNormal	value	=	'60'
android/shared_compression_dictionaries/67d516a78ef797d4f99059229489371c538ef02a4c8425da431fd578454203cf.dict.applicationSettings.FIntUGCValidateFullBodyZMinSlender	value	=	'60'
android/shared_compression_dictionaries/67d516a78ef797d4f99059229489371c538ef02a4c8425da431fd578454203cf.dict.applicationSettings.FIntUGCValidateMaxCoplanarIntersectionsPercentage	value	=	'60'
android/shared_compression_dictionaries/67d516a78ef797d4f99059229489371c538ef02a4c8425da431fd578454203cf.dict.applicationSettings	FFlagUserHeartbeatsDontUseRequestThunks	=	'True'
android/shared_compression_dictionaries/67d516a78ef797d4f99059229489371c538ef02a4c8425da431fd578454203cf.dict.applicationSettings	FFlagUserHeartbeatsInExperienceTracking	=	'True'
android/shared_compression_dictionaries/67d516a78ef797d4f99059229489371c538ef02a4c8425da431fd578454203cf.dict.applicationSettings.FIntRbxStorageCleanupDelaySeconds	value	=	'60'
android/shared_compression_dictionaries/67d516a78ef797d4f99059229489371c538ef02a4c8425da431fd578454203cf.dict.applicationSettings.FIntNavigationAstarTimeBudgetInMsec	value	=	'60'
android/shared_compression_dictionaries/67d516a78ef797d4f99059229489371c538ef02a4c8425da431fd578454203cf.dict.applicationSettings	FFlagReactSchedulerSetFrameMarkerOnHeartbeatEnd	=	'False'
android/shared_compression_dictionaries/67d516a78ef797d4f99059229489371c538ef02a4c8425da431fd578454203cf.dict.applicationSettings	FFlagReactSchedulerSetTargetMsByHeartbeatDelta	=	'False'
android/shared_compression_dictionaries/67d516a78ef797d4f99059229489371c538ef02a4c8425da431fd578454203cf.dict.applicationSettings.DFIntCreateAssetAsyncStudioRateLimit	value	=	'60'
android/shared_compression_dictionaries/67d516a78ef797d4f99059229489371c538ef02a4c8425da431fd578454203cf.dict.applicationSettings.DFIntBatchAssetAPIWorkflowReportQueueSizeEveryXSeconds	value	=	'60'
android/shared_compression_dictionaries/67d516a78ef797d4f99059229489371c538ef02a4c8425da431fd578454203cf.dict.applicationSettings	FFlagAXFPSEventStreamAndCounters	=	'True'
android/shared_compression_dictionaries/67d516a78ef797d4f99059229489371c538ef02a4c8425da431fd578454203cf.dict.applicationSettings.FIntToolboxNoLuaAITimer	value	=	'60'
android/shared_compression_dictionaries/67d516a78ef797d4f99059229489371c538ef02a4c8425da431fd578454203cf.dict.applicationSettings.FIntToolboxWVInitTimeoutSeconds	value	=	'60'
android/shared_compression_dictionaries/67d516a78ef797d4f99059229489371c538ef02a4c8425da431fd578454203cf.dict.applicationSettings	FFlagCaptureEngineManagesFrameRate2	=	'True'
android/shared_compression_dictionaries/67d516a78ef797d4f99059229489371c538ef02a4c8425da431fd578454203cf.dict.applicationSettings	FFlagCameraHeartbeatInterpolationFastExit	=	'True'
android/shared_compression_dictionaries/67d516a78ef797d4f99059229489371c538ef02a4c8425da431fd578454203cf.dict.applicationSettings	DFFlagSimAdaptiveEnable60HzParts	=	'True'
android/shared_compression_dictionaries/67d516a78ef797d4f99059229489371c538ef02a4c8425da431fd578454203cf.dict.applicationSettings.DFIntProductIdProductInfoCacheLifetimeSeconds	value	=	'60'
android/shared_compression_dictionaries/67d516a78ef797d4f99059229489371c538ef02a4c8425da431fd578454203cf.dict.applicationSettings	DFFlagSimAdaptiveAllow60HzControllerManager	=	'True'
android/shared_compression_dictionaries/67d516a78ef797d4f99059229489371c538ef02a4c8425da431fd578454203cf.dict.applicationSettings.DFIntTelemetryThrottledReporterSendTimerSec	value	=	'60'
android/shared_compression_dictionaries/67d516a78ef797d4f99059229489371c538ef02a4c8425da431fd578454203cf.dict.applicationSettings	FFlagAXAppSystemBarEnableTelemtryForFPSForAll	=	'True'
android/shared_compression_dictionaries/67d516a78ef797d4f99059229489371c538ef02a4c8425da431fd578454203cf.dict.applicationSettings	FIntReactSchedulerMinFrameRate_IXP	=	'1;UIEcosystem.User;Experience.React.DeferredScheduler.Many4;1683628987;flagbank'
android/shared_compression_dictionaries/67d516a78ef797d4f99059229489371c538ef02a4c8425da431fd578454203cf.dict.applicationSettings	FFlagFoundationRemoveSelectionCursorHeartbeat	=	'True'
android/shared_compression_dictionaries/67d516a78ef797d4f99059229489371c538ef02a4c8425da431fd578454203cf.dict.applicationSettings	FFlagAXFPSForCatSubCat	=	'True'
android/shared_compression_dictionaries/67d516a78ef797d4f99059229489371c538ef02a4c8425da431fd578454203cf.dict.applicationSettings	FFlagMoreFramerateOptions	=	'True'
android/shared_compression_dictionaries/67d516a78ef797d4f99059229489371c538ef02a4c8425da431fd578454203cf.dict.applicationSettings	FFlagVideoCaptureFixFrameRate	=	'True'
android/shared_compression_dictionaries/67d516a78ef797d4f99059229489371c538ef02a4c8425da431fd578454203cf.dict.applicationSettings	DFIntSlimHeartbeatTimer	=	'15000'
android/shared_compression_dictionaries/67d516a78ef797d4f99059229489371c538ef02a4c8425da431fd578454203cf.dict.applicationSettings	FIntUserHeartbeatsPulseIntervalSeconds_IXP	=	'1;Social.Presence.Frontend;Social.Presence.UserHeartbeatsDegradation;732733497;flagbank'
android/shared_compression_dictionaries/67d516a78ef797d4f99059229489371c538ef02a4c8425da431fd578454203cf.dict.applicationSettings	FIntUserHeartbeatsPulseIntervalSeconds	=	'60'
android/shared_compression_dictionaries/67d516a78ef797d4f99059229489371c538ef02a4c8425da431fd578454203cf.dict.applicationSettings.FIntUserHeartbeatsPulseIntervalSeconds	value	=	'60'
android/shared_compression_dictionaries/67d516a78ef797d4f99059229489371c538ef02a4c8425da431fd578454203cf.dict.applicationSettings	FFlagXboxStopRedundantHeartbeat	=	'True'
android/shared_compression_dictionaries/67d516a78ef797d4f99059229489371c538ef02a4c8425da431fd578454203cf.dict.applicationSettings	DFFlagAddClientFpsDataToTracer	=	'True'
android/shared_compression_dictionaries/67d516a78ef797d4f99059229489371c538ef02a4c8425da431fd578454203cf.dict.applicationSettings	DFIntDataPingTracerFpsInfoThrottleHundredthsPercent	=	'10'
android/shared_compression_dictionaries/67d516a78ef797d4f99059229489371c538ef02a4c8425da431fd578454203cf.dict.applicationSettings	FFlagExplorerHeartbeatTelemetry	=	'False'
android/shared_compression_dictionaries/67d516a78ef797d4f99059229489371c538ef02a4c8425da431fd578454203cf.dict.applicationSettings.DFIntTextChatUserMessageIntentRaisedLimitDuration	value	=	'60'
android/shared_compression_dictionaries/67d516a78ef797d4f99059229489371c538ef02a4c8425da431fd578454203cf.dict.applicationSettings	FFlagTaskSchedulerLimitTargetFpsTo2402	=	'True'
android/shared_compression_dictionaries/67d516a78ef797d4f99059229489371c538ef02a4c8425da431fd578454203cf.dict.applicationSettings	FFlagVoiceControlPlaneClientDisconnectHeartbeatEarly	=	'True'
android/shared_compression_dictionaries/67d516a78ef797d4f99059229489371c538ef02a4c8425da431fd578454203cf.dict.applicationSettings	DFFlagExposeFrameRateCapToPerfData	=	'True'
android/shared_compression_dictionaries/67d516a78ef797d4f99059229489371c538ef02a4c8425da431fd578454203cf.dict.applicationSettings	FFlagPerformanceControlGetDisplayRefreshRate	=	'True'
android/shared_compression_dictionaries/67d516a78ef797d4f99059229489371c538ef02a4c8425da431fd578454203cf.dict.applicationSettings.DFStringDeprecateLegacyTelemetryPointsDenyList	value	=	'LoadAssetDelay,ClientStreamJob,DataStoreCannotParseValueWithKey,luau-telemetry.destroyed-require,NetworkFilterSizingRemovalUnderCharacter,StudioPackagesEndpointsStatus,luau-telemetry.task-exclusivity,RCCCyclesPerSecond,RccMultipleDmError,IncorrectlyPausedReplicationStats,StudioActionsAsTools,SystemInfoProtocol,UnsupportedVariant,dcdBadConvexPoints,Luau-Reflection-Type-Error,CoreGuiRenderOverflowKick,bootstrapper,BootstrapperError,PCInstall,BootstrapperDuration,PCInstallTime,BootstrapperWarning,BootstrapperWebView2RuntimeInstallation,RCCFailedToEvictPlayer,RCCThumbnailFailure,RCCExecuteScriptFailure,RCCNonJsonExecute,Telemetry,TimeBetweenSendTTUpdates,InferredHangDetected,PhaseTransitions,PhasedPercentileData,ReadVariantCountSpeedExceededKicked,DiqLimit,CSGSetBinaryStringChildData,RccDebugTimeout3,LuaLoadCheckReport,DisconnectReportTc,DisconnectReport3,HttpSynchronousWriteCache,ZZMobileShaderPipe,ZZMobileShaderInfo,ZZMobileShaderFData,ACP_AssemblyExtentsClamped,WebParserWriteNanInf,InitialModelStreamingModeCounts,inputobject_propertyset,DynamicVariableReloadVarianceTest,PathfindingStatsPerRequest,SoundDirectorySize,diskevictvector,RccRakPeerTxBw,PolicyService_IsNotSubjectToChinaPolicies,EventStreamEventTooLargeError,EventStreamBatchFull,MSTTSwitch,MSTTDumpResultsStart,MSTTDumpResultsFinish,ClientInputStats,RaknetDownloadBandwidth,RakNetCapabilityBitNegotiated,DownloadBandwidthNetworkId,DDoSPktDropped,TimeBetweenTTUpdates,RakNetRxBytesInQueueStats,AvoidPayloadSizeStatistics,CSGPendingMigrationData,SiftSwear,Markers,UninstallFailure_CleanDownloadCache,InstallNormalFailure_CleanDownloadCache,InstallUpdateFailure_CleanDownloadCache,HangDetected,PhysicsFPSStats,HungScript,BouncingScript,VoiceChatAvailabilityCheckErrorMessage,luau-telemetry.bad-synchronize-call,luau-telemetry.bad-desynchronize-call,Mac-RobloxPlayer-SessionReport-Inferred,Assert,userscoredecryptionstatistics,PlayerStartup,mptools-start,LmsClient,KeyRingError,appStartup,mappedFileErrors,DynamicVariableReloadRequestErrorInfo,DynamicVariableFileReloadRequestErrorInfo,FastLogMessageReport,ClientSimulatingInterpolationCorrectionDistance,ServerJoinReject,ReplicatorWriteVariantLimit,ReplicatorReadVariantLimit,ReplicatorJoinTimeSnapShotTime,ReadVariantCountSpeedExceededReport,RccDebugTimeout4,NewJoinDebug,HumanessReport,dynip-blacklist-ip,dynip-blacklist,DosDebug2,DlcReport,DevLogin,BotCheckReport,SessionTracking,CSGSetBinaryStringMeshData,CSGInPlaceMigrationData,checkForUpdate,MaterialPicker_ViewTypeToggled,MaterialPicker_FilterChipToggled,MaterialPicker_MaterialManagerOpened,MaterialPicker_MaterialGeneratorOpened,MaterialPicker_MaterialApplied,MaterialPicker_PopupOpened,AutoSetupValidationError,StudioAudioDiscoverySelect,PublishPlaceAsDataSharing,StudioAudioDiscoveryOpen,TagEditorUsage,StudioAudioDiscoveryBreakdown,BaseMaterialForVariant,StudioAudioDiscoveryPermissionCheck,FetchUpdatedUserAgreements,PlayersOnChildAddedDuplicateKick,FmodErrors,StudioFatalErrorAnalytics,CSGV3OperationMetrics,ModelLodStats,ChatBot,Studio-Luau-Performance,VRAvatarGestures,HttpCacheUnnecessaryWrites,StudioGuacRequest,SoundAssetsOfInterest,packetcap,TimeToPlay,Mobile,LuaApp,ModelLodOscillation,RaknetArtificialLatency,DeprecatedApi,CIN-NegligibleSizeMesh,NfwlTracking,testtelemetry,RemoteEventMonitor,mptools-error,mptools-unknown-error,mptools-end,KeyRingVersion,KeyRingUpdate,PhasedMemoryData,CacheDirectoryException,DelayedInvokeQueueAbandoned,ReplicatorJoinTimeSnapShotTimeTeamCreate,RomarkJoinFail,LegacyChatRateLimitReached,LegacyChatLengthLimitReached,HwBanReport,ConnectReport,TestMetric,Other,scopes,EngineContextInInstance,EngineContextMismatch,ThreadUnsafeServiceProvider,RuppStemmaUpdateEvent,SignupFailureAndroid,Android-PurchaseFlow,fireReport,Android2StepVerificationFailure,Android-RobloxPlayer-SessionReport-Inferred,Android-PurchaseFlow,Amazon-PurchaseFlow,RBInfluxManager,CompareFilterResults,ReportAbuseRateLimit,fastlogreport,ZZMobileShaderErr,ZZMobileShaderDataNew,persistentgc,StreamingSolverMissingSetReport,InsertServiceFailure'
android/shared_compression_dictionaries/67d516a78ef797d4f99059229489371c538ef02a4c8425da431fd578454203cf.dict.applicationSettings	DFFlagAddTimerToClientFpsDataInTracer	=	'True'
android/shared_compression_dictionaries/67d516a78ef797d4f99059229489371c538ef02a4c8425da431fd578454203cf.dict.applicationSettings.FIntCustomIdleTimeThresholdSeconds	value	=	'60'
android/shared_compression_dictionaries/67d516a78ef797d4f99059229489371c538ef02a4c8425da431fd578454203cf.dict.applicationSettings	FFlagLuaAppFixVideoFramerateThrottlePolicy3	=	'True'
android/shared_compression_dictionaries/67d516a78ef797d4f99059229489371c538ef02a4c8425da431fd578454203cf.dict.applicationSettings	DFFlagEnableServerRestartHeartbeatReporting	=	'True'
android/shared_compression_dictionaries/67d516a78ef797d4f99059229489371c538ef02a4c8425da431fd578454203cf.dict.applicationSettings.DFIntCLI198718AlphaHundredths	value	=	'60'
android/shared_compression_dictionaries/67d516a78ef797d4f99059229489371c538ef02a4c8425da431fd578454203cf.dict.applicationSettings	FFlagPerformanceControlRespectUserFpsOverridden	=	'True'
android/shared_compression_dictionaries/67d516a78ef797d4f99059229489371c538ef02a4c8425da431fd578454203cf.dict.applicationSettings	FFlagStudioUniqueTCHeartbeat	=	'True'
android/shared_compression_dictionaries/67d516a78ef797d4f99059229489371c538ef02a4c8425da431fd578454203cf.dict.applicationSettings	FFlagAXIntervalPerformanceTrackerFPSStandardDeviation	=	'True'
android/shared_compression_dictionaries/67d516a78ef797d4f99059229489371c538ef02a4c8425da431fd578454203cf.dict.applicationSettings	DFFlagTextChatUseV2ChannelHeartbeat	=	'True'
android/shared_compression_dictionaries/67d516a78ef797d4f99059229489371c538ef02a4c8425da431fd578454203cf.dict.applicationSettings.DFIntServerAuthorityPredictionEventCooldownSeconds	value	=	'60'
android/shared_compression_dictionaries/67d516a78ef797d4f99059229489371c538ef02a4c8425da431fd578454203cf.dict.applicationSettings.DFStringDeprecateLegacyTelemetryStatsDenyListAM	value	=	'AIDiffRequestSizeStat,Android-AppStartup-Launch-To-Home-Time,AntiBot-BotCountV1,AutocompleteACSuggestAccuracyRate,AutocompleteFragmentACSuccessfulRate,AutocompleteKeyPressToACMenuActivate,AutocompleteKeyPressToACMenuActivateControl,AutocompleteKeyPressToACMenuActivateTreatment,AutocompleteKeyPressToACMenuUpdate,AutocompleteKeyPressToACMenuUpdateControl,AutocompleteKeyPressToACMenuUpdateTreatment,AutocompleteTotalRequestBetweenActivateToAccept,BTLayer_Memory,BTLayer_ResponseTime_Failure,BTLayer_ResponseTime_Success,ClientAvgFrm_Android,ClientAvgFrm_Durango,ClientAvgFrm_OSX,ClientAvgFrm_PlayStation,ClientAvgFrm_Win32,ClientAvgFrm_iOS,ClientDataPing,ClientFPS,ClientFPS_Android,ClientFPS_Durango,ClientFPS_OSX,ClientFPS_PlayStation,ClientFPS_Win32,ClientFPS_iOS,ClientMechanismsAddedDuringGameplay,ClientMechanismsRemovedDuringGameplay,ClientPercentAssembliesAwake,ClientPercentAssembliesSleepChecking,ClientPercentAssembliesSleeping,ClientPhysicsEnvSpeed,ClientPhysicsFPS,ClientPing,ClientRenderPresent_Android,ClientRenderPresent_Durango,ClientRenderPresent_OSX,ClientRenderPresent_PlayStation,ClientRenderPresent_Win32,ClientRenderPresent_iOS,ClientUnthrottledWorldStepFrac_Android,ClientUnthrottledWorldStepFrac_iOS'
android/shared_compression_dictionaries/67d516a78ef797d4f99059229489371c538ef02a4c8425da431fd578454203cf.dict.applicationSettings	FFlagMetalVsyncStats	=	'True'
android/shared_compression_dictionaries/67d516a78ef797d4f99059229489371c538ef02a4c8425da431fd578454203cf.dict.applicationSettings	FFlagMetalFixSimulatorVsyncStats	=	'True'
android/shared_compression_dictionaries/67d516a78ef797d4f99059229489371c538ef02a4c8425da431fd578454203cf.dict.applicationSettings	FFlagMetalVsyncPreferMaximumRefreshRate	=	'True'
android/shared_compression_dictionaries/67d516a78ef797d4f99059229489371c538ef02a4c8425da431fd578454203cf.dict.applicationSettings	FFlagMetalVsyncStatsTelemetry	=	'True'
android/shared_compression_dictionaries/67d516a78ef797d4f99059229489371c538ef02a4c8425da431fd578454203cf.dict.applicationSettings	FFlagMomentsSessionHeartbeat	=	'True'
android/shared_compression_dictionaries/67d516a78ef797d4f99059229489371c538ef02a4c8425da431fd578454203cf.dict.applicationSettings.DFIntExperienceStateCaptureHighlightTransparencyPercent	value	=	'60'
android/shared_compression_dictionaries/67d516a78ef797d4f99059229489371c538ef02a4c8425da431fd578454203cf.dict.applicationSettings	FFlagGameBasicSettingsFramerateCap5	=	'True'
android/shared_compression_dictionaries/67d516a78ef797d4f99059229489371c538ef02a4c8425da431fd578454203cf.dict.applicationSettings	FFlagAXAppSystemBarEnableTelemtryForFPS	=	'True'
android/shared_compression_dictionaries/67d516a78ef797d4f99059229489371c538ef02a4c8425da431fd578454203cf.dict.applicationSettings.DFIntDataPingTraceReportThrottleSec	value	=	'60'
android/shared_compression_dictionaries/67d516a78ef797d4f99059229489371c538ef02a4c8425da431fd578454203cf.dict.applicationSettings.DFIntTextUsageReportIntervalSeconds	value	=	'60'
android/shared_compression_dictionaries/67d516a78ef797d4f99059229489371c538ef02a4c8425da431fd578454203cf.dict.applicationSettings.DFIntDraggerMaxMovePercent	value	=	'60'
android/shared_compression_dictionaries/67d516a78ef797d4f99059229489371c538ef02a4c8425da431fd578454203cf.dict.applicationSettings	DFIntElevatedPhysicsFPSReportThresholdTenths	=	'585'
android/shared_compression_dictionaries/67d516a78ef797d4f99059229489371c538ef02a4c8425da431fd578454203cf.dict.applicationSettings	FFlagEnableAndroidVsync	=	'True'
android/shared_compression_dictionaries/67d516a78ef797d4f99059229489371c538ef02a4c8425da431fd578454203cf.dict.applicationSettings	FFlagEnableHarmonyOnFrameRateManager4	=	'False'
android/shared_compression_dictionaries/67d516a78ef797d4f99059229489371c538ef02a4c8425da431fd578454203cf.dict.applicationSettings.DFIntSessionReporterUserQuitLoadTimeout	value	=	'60'
android/shared_compression_dictionaries/67d516a78ef797d4f99059229489371c538ef02a4c8425da431fd578454203cf.dict.applicationSettings	FFlagEnableStopRegisteringOnHeartbeat	=	'True'
android/shared_compression_dictionaries/67d516a78ef797d4f99059229489371c538ef02a4c8425da431fd578454203cf.dict.applicationSettings	FFlagAXFPSEventStreamAndCounters_IXP	=	'1;Universality.MorePage.Access;UniversalApp.React.Limiter.iOS.High.Telemetry.1;1889813116;flagbank'
android/shared_compression_dictionaries/67d516a78ef797d4f99059229489371c538ef02a4c8425da431fd578454203cf.dict.applicationSettings	FIntReactSchedulerDesiredFrameRate_IXP	=	'1;UniversalApp.Scrolling;UniversalApp.React.Limiter.Context.Split.iOS.High;1926261056;flagbank'
android/shared_compression_dictionaries/67d516a78ef797d4f99059229489371c538ef02a4c8425da431fd578454203cf.dict.applicationSettings	FIntLuaAppSchedulerDesiredFrameRate_IXP	=	'1;UniversalApp.Scrolling;UniversalApp.React.Limiter.Context.Split.iOS.Mid;1532963059;flagbank'
android/shared_compression_dictionaries/67d516a78ef797d4f99059229489371c538ef02a4c8425da431fd578454203cf.dict.applicationSettings	FIntLuaAppSchedulerMinimumFrameRate_IXP	=	'1;UniversalApp.Scrolling;UniversalApp.React.Limiter.Context.Split.iOS.Mid;1532963059;flagbank'
android/shared_compression_dictionaries/67d516a78ef797d4f99059229489371c538ef02a4c8425da431fd578454203cf.dict.applicationSettings	FIntLuaInExpSchedulerDesiredFrameRate_IXP	=	'1;UniversalApp.Scrolling;UniversalApp.React.Limiter.Context.Split.iOS.Mid;1532963059;flagbank'
android/shared_compression_dictionaries/67d516a78ef797d4f99059229489371c538ef02a4c8425da431fd578454203cf.dict.applicationSettings	FIntLuaInExpSchedulerMinimumFrameRate_IXP	=	'1;UniversalApp.Scrolling;UniversalApp.React.Limiter.Context.Split.iOS.Mid;1532963059;flagbank'
