arm64-v8a/libroblox/libroblox.so_decompiled/libroblox.so_part_0003.c:20427	DAT_06b6f390 = 0x3c;	/* Function: _INIT_338 @ 01ef76c4 size=244 */
arm64-v8a/libroblox/libroblox.so_decompiled/libroblox.so_part_0003.c:29052	DAT_06b75448 = 0x3c;	/* Function: _INIT_381 @ 01f06324 size=4036 */
arm64-v8a/libroblox/libroblox.so_decompiled/libroblox.so_part_0004.c:12471	DAT_06b8c180 = 0x3c;	/* Function: _INIT_471 @ 01f26dc4 size=1204 */
arm64-v8a/libroblox/libroblox.so_decompiled/libroblox.so_part_0004.c:12480	DAT_06b8c1b0 = 0x3c;	/* Function: _INIT_471 @ 01f26dc4 size=1204 */
arm64-v8a/libroblox/libroblox.so_decompiled/libroblox.so_part_0005.c:22736	DAT_06c24110 = 0x3c;	/* Function: _INIT_986 @ 01f773dc size=756 */
arm64-v8a/libroblox/libroblox.so_decompiled/libroblox.so_part_0010.c:19574	DAT_06d10c18 = 0x3c;	/* Function: _INIT_1805 @ 020b9d64 size=1580 */
arm64-v8a/libroblox/libroblox.so_decompiled/libroblox.so_part_0011.c:25793	DAT_06d3f1a8 = 0x3c;	/* Function: _INIT_2111 @ 02102980 size=992 */
arm64-v8a/libroblox/libroblox.so_decompiled/libroblox.so_part_0011.c:25828	DAT_06d3f228 = 0x3c;	/* Function: _INIT_2111 @ 02102980 size=992 */
arm64-v8a/libroblox/libroblox.so_decompiled/libroblox.so_part_0016.c:38168	DAT_06e2ec00 = 0x3c;	/* Function: _INIT_3034 @ 0220bb10 size=1400 */
arm64-v8a/libroblox/libroblox.so_decompiled/libroblox.so_part_0017.c:38	DAT_06e331a0 = 0x3c;	/* Function: _INIT_3078 @ 0221118c size=672 */
arm64-v8a/libroblox/libroblox.so_decompiled/libroblox.so_part_0017.c:65	DAT_06e33218 = 0x3c;	/* Function: _INIT_3078 @ 0221118c size=672 */
arm64-v8a/libroblox/libroblox.so_decompiled/libroblox.so_part_0017.c:492	DAT_06e352f8 = 0x3c;	/* Function: _INIT_3086 @ 02211ed4 size=1820 */
armeabi-v7a/libroblox/libroblox.so_decompiled/libroblox.so_part_0129.c:2349	DAT_04d81eb8 = 0x3c;	/* Function: _INIT_3515 @ 026bb7bc size=806 */
armeabi-v7a/libroblox/libroblox.so_decompiled/libroblox.so_part_0130.c:26947	DAT_04a54bb8 = 0x3c;	/* Function: _INIT_336 @ 026f7e14 size=148 */
armeabi-v7a/libroblox/libroblox.so_decompiled/libroblox.so_part_0131.c:647	DAT_04a58a30 = 0x3c;	/* Function: _INIT_379 @ 02702b70 size=2576 */
armeabi-v7a/libroblox/libroblox.so_decompiled/libroblox.so_part_0131.c:17858	DAT_04a69b20 = 0x3c;	/* Function: _INIT_469 @ 0271be54 size=760 */
armeabi-v7a/libroblox/libroblox.so_decompiled/libroblox.so_part_0131.c:17866	DAT_04a69b38 = 0x3c;	/* Function: _INIT_469 @ 0271be54 size=760 */
armeabi-v7a/libroblox/libroblox.so_decompiled/libroblox.so_part_0132.c:26913	DAT_04ae2674 = 0x3c;	/* Function: _INIT_984 @ 0275aec8 size=446 */
armeabi-v7a/libroblox/libroblox.so_decompiled/libroblox.so_part_0133.c:29868	DAT_04b004ac = 0x3c;	/* Function: _INIT_1147 @ 02787ce4 size=3412 */
armeabi-v7a/libroblox/libroblox.so_decompiled/libroblox.so_part_0133.c:29872	DAT_04b00170 = 0x3c;	/* Function: _INIT_1147 @ 02787ce4 size=3412 */
armeabi-v7a/libroblox/libroblox.so_decompiled/libroblox.so_part_0137.c:18922	DAT_04b81c88 = 0x3c;	/* Function: _INIT_1803 @ 028505ac size=1038 */
armeabi-v7a/libroblox/libroblox.so_decompiled/libroblox.so_part_0138.c:24345	DAT_04b9c964 = 0x3c;	/* Function: _INIT_2109 @ 02889898 size=620 */
armeabi-v7a/libroblox/libroblox.so_decompiled/libroblox.so_part_0138.c:24383	DAT_04b9c9bc = 0x3c;	/* Function: _INIT_2109 @ 02889898 size=620 */
armeabi-v7a/libroblox/libroblox.so_decompiled/libroblox.so_part_0143.c:16447	DAT_04bfcab8 = 0x3c;	/* Function: _INIT_2777 @ 0293f670 size=378 */
armeabi-v7a/libroblox/libroblox.so_decompiled/libroblox.so_part_0143.c:30136	DAT_04c47700 = 0x3c;	/* Function: _INIT_3032 @ 029597e4 size=788 */
armeabi-v7a/libroblox/libroblox.so_decompiled/libroblox.so_part_0143.c:32613	DAT_04c4a148 = 0x3c;	/* Function: _INIT_3076 @ 0295db48 size=396 */
armeabi-v7a/libroblox/libroblox.so_decompiled/libroblox.so_part_0143.c:32640	DAT_04c4a190 = 0x3c;	/* Function: _INIT_3076 @ 0295db48 size=396 */
armeabi-v7a/libroblox/libroblox.so_decompiled/libroblox.so_part_0143.c:33066	DAT_04c4b324 = 0x3c;	/* Function: _INIT_3084 @ 0295e5d8 size=1104 */
armeabi-v7a/libroblox/libroblox.so_decompiled/libroblox.so_part_0144.c:46850	DAT_050f72c0 = 0x3c;	/* Function: _INIT_3532 @ 029a4b08 size=160 */
armeabi-v7a/libroblox/libroblox.so_decompiled/libroblox.so_part_0267.c:22467	DAT_04c4c9d8 = 0x3c;	/* Function: _INIT_3150 @ 03edf724 size=348 */
armeabi-v7a/libroblox/libroblox.so_decompiled/libroblox.so_part_0267.c:22482	DAT_04c4ca00 = 0x3c;	/* Function: _INIT_3150 @ 03edf724 size=348 */
armeabi-v7a/libroblox/libroblox.so_decompiled/libroblox.so_part_0267.c:22494	DAT_04c4ca24 = 0x3c;	/* Function: _INIT_3150 @ 03edf724 size=348 */
armeabi-v7a/libroblox/libroblox.so_decompiled/libroblox.so_part_0297.c:13516	DAT_050f7d74 = 0x3c;	/* Function: _INIT_3543 @ 0446a924 size=448 */
x86_64/libroblox/libroblox.so_decompiled/libroblox.so_part_0003.c:18912	DAT_07487ff8 = 0x3c;	/* Function: _INIT_335 @ 01ee7db7 size=324 */
x86_64/libroblox/libroblox.so_decompiled/libroblox.so_part_0003.c:28913	DAT_0748e5c0 = 0x3c;	/* Function: _INIT_378 @ 01ef9498 size=5339 */
x86_64/libroblox/libroblox.so_decompiled/libroblox.so_part_0004.c:2496	_DAT_074a4cb8 = 0x3c;	/* Function: _INIT_468 @ 01f21493 size=1687 */
x86_64/libroblox/libroblox.so_decompiled/libroblox.so_part_0004.c:2506	_DAT_074a4d08 = 0x3c;	/* Function: _INIT_468 @ 01f21493 size=1687 */
x86_64/libroblox/libroblox.so_decompiled/libroblox.so_part_0005.c:10806	_DAT_0753ca28 = 0x3c;	/* Function: _INIT_983 @ 01f86070 size=961 */
x86_64/libroblox/libroblox.so_decompiled/libroblox.so_part_0010.c:24557	_DAT_07657690 = 0x3c;	/* Function: _INIT_2108 @ 0216ae72 size=1283 */
x86_64/libroblox/libroblox.so_decompiled/libroblox.so_part_0010.c:24603	_DAT_076577e0 = 0x3c;	/* Function: _INIT_2108 @ 0216ae72 size=1283 */
x86_64/libroblox/libroblox.so_decompiled/libroblox.so_part_0012.c:33041	_DAT_076ccda0 = 0x3c;	/* Function: _INIT_2621 @ 021e159f size=4305 */
x86_64/libroblox/libroblox.so_decompiled/libroblox.so_part_0014.c:16922	_DAT_07746a30 = 0x3c;	/* Function: _INIT_3039 @ 022ad3f0 size=1685 */
x86_64/libroblox/libroblox.so_decompiled/libroblox.so_part_0014.c:20586	_DAT_0774b2c0 = 0x3c;	/* Function: _INIT_3083 @ 022b456b size=815 */
x86_64/libroblox/libroblox.so_decompiled/libroblox.so_part_0014.c:20620	_DAT_0774b3d0 = 0x3c;	/* Function: _INIT_3083 @ 022b456b size=815 */
x86_64/libroblox/libroblox.so_decompiled/libroblox.so_part_0014.c:21159	_DAT_0774d670 = 0x3c;	/* Function: _INIT_3091 @ 022b566a size=2326 */
